<?xml version="1.0" encoding="UTF-8" standalone="yes" ?><fileEntries xmlns="http://schemas.mathworks.com/package/2013/filesystemManifest" createdByEncoding="windows-1252" createdByPlatform="win64" version="2.0"><fileEntry content="/fsroot/.META/requiredMCRProducts.txt" date="2018-05-30T12:44:51Z" name="/.META/requiredMCRProducts.txt" permissions="0666" type="File"/><fileEntry content="/fsroot/.matlab/MLintDefaultSettings.txt" date="2018-03-02T16:39:18Z" name="/.matlab/MLintDefaultSettings.txt" permissions="0666" type="File"/><fileEntry content="/fsroot/.matlab/matlab.prf" date="2018-05-30T11:57:34Z" name="/.matlab/matlab.prf" permissions="0666" type="File"/><fileEntry content="/fsroot/.matlab/matlab.settings" date="2018-05-30T11:57:16Z" name="/.matlab/matlab.settings" permissions="0666" type="File"/><fileEntry content="/fsroot/.matlab/matlabPkey.p12" date="2018-03-02T16:38:16Z" name="/.matlab/matlabPkey.p12" permissions="0666" type="File"/><fileEntry content="/fsroot/.matlab/parallel.settings" date="2018-03-02T16:35:53Z" name="/.matlab/parallel.settings" permissions="0666" type="File"/><fileEntry content="/fsroot/.matlab/publish_configurations.m" date="2018-05-30T12:44:52Z" name="/.matlab/publish_configurations.m" permissions="0666" type="File"/><fileEntry content="/fsroot/.matlab/run_commands.m" date="2018-05-30T12:44:52Z" name="/.matlab/run_commands.m" permissions="0666" type="File"/><fileEntry content="/fsroot/.matlab/thisMatlab.pem" date="2018-03-02T16:38:16Z" name="/.matlab/thisMatlab.pem" permissions="0666" type="File"/><fileEntry content="/fsroot/data_embeddi/data_embedding.m" date="2018-05-30T12:44:52Z" name="/data_embeddi/data_embedding.m" permissions="0666" type="File"/><fileEntry content="/fsroot/data_embeddi/flag.txt" date="2018-05-30T12:35:49Z" name="/data_embeddi/flag.txt" permissions="0666" type="File"/><fileEntry content="/fsroot/data_embeddi/getBits.m" date="2018-05-30T12:44:52Z" name="/data_embeddi/getBits.m" permissions="0666" type="File"/><fileEntry content="/fsroot/data_embeddi/phase_enc.m" date="2018-05-30T12:44:52Z" name="/data_embeddi/phase_enc.m" permissions="0666" type="File"/><fileEntry content="/data_embeddi_FF1CA317EF5574E06DFB01812B6DEFB5" name="/data_embeddi_FF1CA317EF5574E06DFB01812B6DEFB5" type="Folder"/><fileEntry content="/fsroot/toolbox/compiler/Contents.m" date="2018-05-30T12:44:49Z" name="/toolbox/compiler/Contents.m" permissions="0666" type="File"/><fileEntry content="/fsroot/toolbox/compiler/ctfroot.m" date="2018-05-30T12:44:51Z" name="/toolbox/compiler/ctfroot.m" permissions="0666" type="File"/><fileEntry content="/fsroot/toolbox/compiler/system_dependent.m" date="2018-05-30T12:44:51Z" name="/toolbox/compiler/system_dependent.m" permissions="0666" type="File"/><fileEntry content="/fsroot/toolbox/local/+matlab/+internal/+addons/addFoldersToPathFrom.m" date="2018-05-30T12:44:51Z" name="/toolbox/local/+matlab/+internal/+addons/addFoldersToPathFrom.m" permissions="0666" type="File"/><fileEntry content="/fsroot/toolbox/local/+matlab/+internal/+addons/private/addFilesFrom.m" date="2018-05-30T12:44:51Z" name="/toolbox/local/+matlab/+internal/+addons/private/addFilesFrom.m" permissions="0666" type="File"/><fileEntry content="/fsroot/toolbox/local/+matlab/+internal/+supportPackages/addInstalledSupportPackagesToPath.m" date="2018-05-30T12:44:51Z" name="/toolbox/local/+matlab/+internal/+supportPackages/addInstalledSupportPackagesToPath.m" permissions="0666" type="File"/><fileEntry content="/fsroot/toolbox/local/Contents.m" date="2018-05-30T12:44:49Z" name="/toolbox/local/Contents.m" permissions="0666" type="File"/><fileEntry content="/fsroot/toolbox/local/hgrc.m" date="2018-05-30T12:44:51Z" name="/toolbox/local/hgrc.m" permissions="0666" type="File"/><fileEntry content="/fsroot/toolbox/local/initprefs.m" date="2018-05-30T12:44:51Z" name="/toolbox/local/initprefs.m" permissions="0666" type="File"/><fileEntry content="/fsroot/toolbox/local/matlabrc.m" date="2018-05-30T12:44:51Z" name="/toolbox/local/matlabrc.m" permissions="0666" type="File"/><fileEntry content="/fsroot/toolbox/local/printopt.m" date="2018-05-30T12:44:51Z" name="/toolbox/local/printopt.m" permissions="0666" type="File"/></fileEntries>